{
  "frame_id": "map",
  "home_pose": {
    "frame_id": "map",
    "position": {
      "x": -7.766329765319824,
      "y": 0.5821020603179932,
      "z": 0.0
    },
    "orientation": {
      "x": 0.0,
      "y": 0.0,
      "z": -0.714651389591822,
      "w": 0.6994808012765453
    },
    "yaw": -1.5922511900335432
  },
  "checkpoints": [
    {
      "checkpoint_id": 1,
      "label": "checkpoint_1",
      "bed_id": "1",
      "side": "a",
      "scan_position_id": "bed_1_a_1",
      "order": 1,
      "frame_id": "map",
      "pose": {
        "frame_id": "map",
        "position": {
          "x": -8.891488075256348,
          "y": 0.056912899017333984,
          "z": 0.0
        },
        "orientation": {
          "x": 0.0,
          "y": 0.0,
          "z": -0.055181497523107526,
          "w": 0.9984763403962597
        },
        "yaw": -0.11041908110923106
      },
      "position": {
        "x": -8.891488075256348,
        "y": 0.056912899017333984,
        "z": 0.0
      },
      "orientation": {
        "x": 0.0,
        "y": 0.0,
        "z": -0.055181497523107526,
        "w": 0.9984763403962597
      },
      "yaw": -0.11041908110923106
    },
    {
      "checkpoint_id": 2,
      "label": "checkpoint_2",
      "bed_id": "1",
      "side": "a",
      "scan_position_id": "bed_1_a_2",
      "order": 2,
      "frame_id": "map",
      "pose": {
        "frame_id": "map",
        "position": {
          "x": -8.932679176330566,
          "y": -0.612900972366333,
          "z": 0.0
        },
        "orientation": {
          "x": 0.0,
          "y": 0.0,
          "z": -0.07891952605086457,
          "w": 0.996880990092552
        },
        "yaw": -0.15800335763066997
      },
      "position": {
        "x": -8.932679176330566,
        "y": -0.612900972366333,
        "z": 0.0
      },
      "orientation": {
        "x": 0.0,
        "y": 0.0,
        "z": -0.07891952605086457,
        "w": 0.996880990092552
      },
      "yaw": -0.15800335763066997
    },
    {
      "checkpoint_id": 3,
      "label": "checkpoint_3",
      "bed_id": "1",
      "side": "b",
      "scan_position_id": "bed_1_b_1",
      "order": 3,
      "frame_id": "map",
      "pose": {
        "frame_id": "map",
        "position": {
          "x": -7.908342361450195,
          "y": -0.8673851490020752,
          "z": 0.0
        },
        "orientation": {
          "x": 0.0,
          "y": 0.0,
          "z": 0.99562310724517,
          "w": 0.09345923346289972
        },
        "yaw": 2.954401000961093
      },
      "position": {
        "x": -7.908342361450195,
        "y": -0.8673851490020752,
        "z": 0.0
      },
      "orientation": {
        "x": 0.0,
        "y": 0.0,
        "z": 0.99562310724517,
        "w": 0.09345923346289972
      },
      "yaw": 2.954401000961093
    },
    {
      "checkpoint_id": 4,
      "label": "checkpoint_4",
      "bed_id": "1",
      "side": "b",
      "scan_position_id": "bed_1_b_2",
      "order": 4,
      "frame_id": "map",
      "pose": {
        "frame_id": "map",
        "position": {
          "x": -7.812541961669922,
          "y": 0.010145665146410465,
          "z": 0.0
        },
        "orientation": {
          "x": 0.0,
          "y": 0.0,
          "z": 0.9990298419052039,
          "w": 0.04403833537797839
        },
        "yaw": 3.0534874890110926
      },
      "position": {
        "x": -7.812541961669922,
        "y": 0.010145665146410465,
        "z": 0.0
      },
      "orientation": {
        "x": 0.0,
        "y": 0.0,
        "z": 0.9990298419052039,
        "w": 0.04403833537797839
      },
      "yaw": 3.0534874890110926
    },
    {
      "checkpoint_id": 5,
      "label": "checkpoint_5",
      "bed_id": "2",
      "side": "a",
      "scan_position_id": "bed_2_a_1",
      "order": 5,
      "frame_id": "map",
      "pose": {
        "frame_id": "map",
        "position": {
          "x": -7.759615421295166,
          "y": 0.6483760476112366,
          "z": 0.0
        },
        "orientation": {
          "x": 0.0,
          "y": 0.0,
          "z": -0.731981520718284,
          "w": 0.6813244846084341
        },
        "yaw": -1.6424515229426342
      },
      "position": {
        "x": -7.759615421295166,
        "y": 0.6483760476112366,
        "z": 0.0
      },
      "orientation": {
        "x": 0.0,
        "y": 0.0,
        "z": -0.731981520718284,
        "w": 0.6813244846084341
      },
      "yaw": -1.6424515229426342
    }
  ],
  "final_pose": {
    "frame_id": "map",
    "position": {
      "x": -7.766329765319824,
      "y": 0.5821020603179932,
      "z": 0.0
    },
    "orientation": {
      "x": 0.0,
      "y": 0.0,
      "z": -0.714651389591822,
      "w": 0.6994808012765453
    },
    "yaw": -1.5922511900335432
  }
}