{
  "frame_id": "map",
  "home_pose": {
    "frame_id": "map",
    "position": {
      "x": -0.6088293194770813,
      "y": -2.715949058532715,
      "z": 0.0
    },
    "orientation": {
      "x": 0.0,
      "y": 0.0,
      "z": 0.698838382927421,
      "w": 0.7152796058517168
    },
    "yaw": 1.5475444025569438
  },
  "checkpoints": [
    {
      "checkpoint_id": 1,
      "label": "checkpoint_1",
      "frame_id": "map",
      "pose": {
        "frame_id": "map",
        "position": {
          "x": -0.6230986714363098,
          "y": -2.725461959838867,
          "z": 0.0
        },
        "orientation": {
          "x": 0.0,
          "y": 0.0,
          "z": 0.6677308423094872,
          "w": 0.7444027956883711
        },
        "yaw": 1.462312621892896
      },
      "position": {
        "x": -0.6230986714363098,
        "y": -2.725461959838867,
        "z": 0.0
      },
      "orientation": {
        "x": 0.0,
        "y": 0.0,
        "z": 0.6677308423094872,
        "w": 0.7444027956883711
      },
      "yaw": 1.462312621892896
    }
  ],
  "flower_beds": [
    {
      "bed_id": 1,
      "frame_id": "map",
      "start_pose": {
        "frame_id": "map",
        "position": {
          "x": -0.6230986714363098,
          "y": -2.725461959838867,
          "z": 0.0
        },
        "orientation": {
          "x": 0.0,
          "y": 0.0,
          "z": 0.6677308423094872,
          "w": 0.7444027956883711
        },
        "yaw": 1.462312621892896
      },
      "start_position": {
        "x": -0.6230986714363098,
        "y": -2.725461959838867,
        "z": 0.0
      },
      "orientation": {
        "x": 0.0,
        "y": 0.0,
        "z": 0.6677308423094872,
        "w": 0.7444027956883711
      },
      "yaw": 1.462312621892896
    }
  ],
  "final_pose": {
    "frame_id": "map",
    "position": {
      "x": -0.6230986714363098,
      "y": -2.725461959838867,
      "z": 0.0
    },
    "orientation": {
      "x": 0.0,
      "y": 0.0,
      "z": 0.6677308423094872,
      "w": 0.7444027956883711
    },
    "yaw": 1.462312621892896
  }
}