{
  "frame_id": "map",
  "home_pose": {
    "frame_id": "map",
    "position": {
      "x": -3.1809866428375244,
      "y": -2.437765121459961,
      "z": 0.0
    },
    "orientation": {
      "x": 0.0,
      "y": 0.0,
      "z": 0.645942204339962,
      "w": 0.7633863167835999
    },
    "yaw": 1.404513765750846
  },
  "checkpoints": [
    {
      "checkpoint_id": 1,
      "label": "checkpoint_1",
      "bed_id": "1",
      "side": "a",
      "lane": "left",
      "scan_position_id": "bed_1_a_1",
      "order": 1,
      "frame_id": "map",
      "pose": {
        "frame_id": "map",
        "position": {
          "x": -3.8112382888793945,
          "y": -1.7599475383758545,
          "z": 0.0
        },
        "orientation": {
          "x": 0.0,
          "y": 0.0,
          "z": 0.6334124485558955,
          "w": 0.7738143640527908
        },
        "yaw": 1.3719104018243349
      },
      "position": {
        "x": -3.8112382888793945,
        "y": -1.7599475383758545,
        "z": 0.0
      },
      "orientation": {
        "x": 0.0,
        "y": 0.0,
        "z": 0.6334124485558955,
        "w": 0.7738143640527908
      },
      "yaw": 1.3719104018243349
    },
    {
      "checkpoint_id": 2,
      "label": "checkpoint_2",
      "bed_id": "1",
      "side": "a",
      "lane": "right",
      "scan_position_id": "bed_1_a_2",
      "order": 2,
      "frame_id": "map",
      "pose": {
        "frame_id": "map",
        "position": {
          "x": -3.3236849308013916,
          "y": -1.8431885242462158,
          "z": 0.0
        },
        "orientation": {
          "x": 0.0,
          "y": 0.0,
          "z": 0.6381485157481824,
          "w": 0.7699132885256571
        },
        "yaw": 1.3841821320752343
      },
      "position": {
        "x": -3.3236849308013916,
        "y": -1.8431885242462158,
        "z": 0.0
      },
      "orientation": {
        "x": 0.0,
        "y": 0.0,
        "z": 0.6381485157481824,
        "w": 0.7699132885256571
      },
      "yaw": 1.3841821320752343
    },
    {
      "checkpoint_id": 3,
      "label": "checkpoint_3",
      "bed_id": "1",
      "side": "b",
      "lane": "right",
      "scan_position_id": "bed_1_b_1",
      "order": 3,
      "frame_id": "map",
      "pose": {
        "frame_id": "map",
        "position": {
          "x": -3.1215288639068604,
          "y": -0.7967332601547241,
          "z": 0.0
        },
        "orientation": {
          "x": 0.0,
          "y": 0.0,
          "z": -0.766431764781718,
          "w": 0.6423257350702845
        },
        "yaw": -1.7465348161652803
      },
      "position": {
        "x": -3.1215288639068604,
        "y": -0.7967332601547241,
        "z": 0.0
      },
      "orientation": {
        "x": 0.0,
        "y": 0.0,
        "z": -0.766431764781718,
        "w": 0.6423257350702845
      },
      "yaw": -1.7465348161652803
    },
    {
      "checkpoint_id": 4,
      "label": "checkpoint_4",
      "bed_id": "1",
      "side": "b",
      "lane": "left",
      "scan_position_id": "bed_1_b_2",
      "order": 4,
      "frame_id": "map",
      "pose": {
        "frame_id": "map",
        "position": {
          "x": -3.6566483974456787,
          "y": -0.6659262776374817,
          "z": 0.0
        },
        "orientation": {
          "x": 0.0,
          "y": 0.0,
          "z": -0.7621597384608964,
          "w": 0.6473890121628711
        },
        "yaw": -1.7332853415630693
      },
      "position": {
        "x": -3.6566483974456787,
        "y": -0.6659262776374817,
        "z": 0.0
      },
      "orientation": {
        "x": 0.0,
        "y": 0.0,
        "z": -0.7621597384608964,
        "w": 0.6473890121628711
      },
      "yaw": -1.7332853415630693
    },
    {
      "checkpoint_id": 5,
      "label": "checkpoint_5",
      "bed_id": "2",
      "side": "a",
      "lane": "left",
      "scan_position_id": "bed_2_a_1",
      "order": 5,
      "frame_id": "map",
      "pose": {
        "frame_id": "map",
        "position": {
          "x": -3.704214334487915,
          "y": -0.8324078321456909,
          "z": 0.0
        },
        "orientation": {
          "x": 0.0,
          "y": 0.0,
          "z": 0.6435360993203877,
          "w": 0.7654157621002459
        },
        "yaw": 1.3982183712948406
      },
      "position": {
        "x": -3.704214334487915,
        "y": -0.8324078321456909,
        "z": 0.0
      },
      "orientation": {
        "x": 0.0,
        "y": 0.0,
        "z": 0.6435360993203877,
        "w": 0.7654157621002459
      },
      "yaw": 1.3982183712948406
    },
    {
      "checkpoint_id": 6,
      "label": "checkpoint_6",
      "bed_id": "2",
      "side": "a",
      "lane": "right",
      "scan_position_id": "bed_2_a_2",
      "order": 6,
      "frame_id": "map",
      "pose": {
        "frame_id": "map",
        "position": {
          "x": -3.1572036743164062,
          "y": -0.9275402426719666,
          "z": 0.0
        },
        "orientation": {
          "x": 0.0,
          "y": 0.0,
          "z": 0.6413560595932001,
          "w": 0.7672433804361453
        },
        "yaw": 1.3925288133325484
      },
      "position": {
        "x": -3.1572036743164062,
        "y": -0.9275402426719666,
        "z": 0.0
      },
      "orientation": {
        "x": 0.0,
        "y": 0.0,
        "z": 0.6413560595932001,
        "w": 0.7672433804361453
      },
      "yaw": 1.3925288133325484
    },
    {
      "checkpoint_id": 7,
      "label": "checkpoint_7",
      "bed_id": "2",
      "side": "b",
      "lane": "right",
      "scan_position_id": "bed_2_b_1",
      "order": 7,
      "frame_id": "map",
      "pose": {
        "frame_id": "map",
        "position": {
          "x": -2.943155527114868,
          "y": 0.26161396503448486,
          "z": 0.0
        },
        "orientation": {
          "x": 0.0,
          "y": 0.0,
          "z": -0.7634390918046864,
          "w": 0.6458798286867579
        },
        "yaw": -1.7372423005063513
      },
      "position": {
        "x": -2.943155527114868,
        "y": 0.26161396503448486,
        "z": 0.0
      },
      "orientation": {
        "x": 0.0,
        "y": 0.0,
        "z": -0.7634390918046864,
        "w": 0.6458798286867579
      },
      "yaw": -1.7372423005063513
    },
    {
      "checkpoint_id": 8,
      "label": "checkpoint_8",
      "bed_id": "2",
      "side": "b",
      "lane": "left",
      "scan_position_id": "bed_2_b_2",
      "order": 8,
      "frame_id": "map",
      "pose": {
        "frame_id": "map",
        "position": {
          "x": -3.490166425704956,
          "y": 0.3448547422885895,
          "z": 0.0
        },
        "orientation": {
          "x": 0.0,
          "y": 0.0,
          "z": -0.7660892008387234,
          "w": 0.6427342657415163
        },
        "yaw": -1.7454685190751404
      },
      "position": {
        "x": -3.490166425704956,
        "y": 0.3448547422885895,
        "z": 0.0
      },
      "orientation": {
        "x": 0.0,
        "y": 0.0,
        "z": -0.7660892008387234,
        "w": 0.6427342657415163
      },
      "yaw": -1.7454685190751404
    },
    {
      "checkpoint_id": 9,
      "label": "checkpoint_9",
      "bed_id": "3",
      "side": "a",
      "lane": "left",
      "scan_position_id": "bed_3_a_1",
      "order": 9,
      "frame_id": "map",
      "pose": {
        "frame_id": "map",
        "position": {
          "x": -2.4556026458740234,
          "y": -0.6421430110931396,
          "z": 0.0
        },
        "orientation": {
          "x": 0.0,
          "y": 0.0,
          "z": -0.08835374380063547,
          "w": 0.9960891606459794
        },
        "yaw": -0.17693820676275954
      },
      "position": {
        "x": -2.4556026458740234,
        "y": -0.6421430110931396,
        "z": 0.0
      },
      "orientation": {
        "x": 0.0,
        "y": 0.0,
        "z": -0.08835374380063547,
        "w": 0.9960891606459794
      },