{
  "frame_id": "map",
  "home_pose": {
    "frame_id": "map",
    "position": {
      "x": -0.6446338295936584,
      "y": -2.555675506591797,
      "z": 0.0
    },
    "orientation": {
      "x": 0.0,
      "y": 0.0,
      "z": 0.6763284084130412,
      "w": 0.7366002199113726
    },
    "yaw": 1.485533289058492
  },
  "checkpoints": [
    {
      "checkpoint_id": 1,
      "label": "checkpoint_1",
      "frame_id": "map",
      "pose": {
        "frame_id": "map",
        "position": {
          "x": -0.630918025970459,
          "y": -2.564819097518921,
          "z": 0.0
        },
        "orientation": {
          "x": 0.0,
          "y": 0.0,
          "z": 0.6835031577504288,
          "w": 0.7299475552018737
        },
        "yaw": 1.505102217446789
      },
      "position": {
        "x": -0.630918025970459,
        "y": -2.564819097518921,
        "z": 0.0
      },
      "orientation": {
        "x": 0.0,
        "y": 0.0,
        "z": 0.6835031577504288,
        "w": 0.7299475552018737
      },
      "yaw": 1.505102217446789
    },
    {
      "checkpoint_id": 2,
      "label": "checkpoint_2",
      "frame_id": "map",
      "pose": {
        "frame_id": "map",
        "position": {
          "x": 0.28345590829849243,
          "y": -1.7784576416015625,
          "z": 0.0
        },
        "orientation": {
          "x": 0.0,
          "y": 0.0,
          "z": 0.9967579233504992,
          "w": 0.08045894753226955
        },
        "yaw": 2.9805006299723806
      },
      "position": {
        "x": 0.28345590829849243,
        "y": -1.7784576416015625,
        "z": 0.0
      },
      "orientation": {
        "x": 0.0,
        "y": 0.0,
        "z": 0.9967579233504992,
        "w": 0.08045894753226955
      },
      "yaw": 2.9805006299723806
    },
    {
      "checkpoint_id": 3,
      "label": "checkpoint_3",
      "frame_id": "map",
      "pose": {
        "frame_id": "map",
        "position": {
          "x": 0.40232446789741516,
          "y": -0.9418054223060608,
          "z": 0.0
        },
        "orientation": {
          "x": 0.0,
          "y": 0.0,
          "z": 0.9967014463795444,
          "w": 0.08115557149650285
        },
        "yaw": 2.9791028107914044
      },
      "position": {
        "x": 0.40232446789741516,
        "y": -0.9418054223060608,
        "z": 0.0
      },
      "orientation": {
        "x": 0.0,
        "y": 0.0,
        "z": 0.9967014463795444,
        "w": 0.08115557149650285
      },
      "yaw": 2.9791028107914044
    },
    {
      "checkpoint_id": 4,
      "label": "checkpoint_4",
      "frame_id": "map",
      "pose": {
        "frame_id": "map",
        "position": {
          "x": -0.41146835684776306,
          "y": -0.8503677845001221,
          "z": 0.0
        },
        "orientation": {
          "x": 0.0,
          "y": 0.0,
          "z": -0.01885853604935525,
          "w": 0.9998221619958597
        },
        "yaw": -0.03771930810071111
      },
      "position": {
        "x": -0.41146835684776306,
        "y": -0.8503677845001221,
        "z": 0.0
      },
      "orientation": {
        "x": 0.0,
        "y": 0.0,
        "z": -0.01885853604935525,
        "w": 0.9998221619958597
      },
      "yaw": -0.03771930810071111
    },
    {
      "checkpoint_id": 5,
      "label": "checkpoint_5",
      "frame_id": "map",
      "pose": {
        "frame_id": "map",
        "position": {
          "x": -0.5029059052467346,
          "y": -1.6733044385910034,
          "z": 0.0
        },
        "orientation": {
          "x": 0.0,
          "y": 0.0,
          "z": -0.022918043224293208,
          "w": 0.999737347154126
        },
        "yaw": -0.045840099863093293
      },
      "position": {
        "x": -0.5029059052467346,
        "y": -1.6733044385910034,
        "z": 0.0
      },
      "orientation": {
        "x": 0.0,
        "y": 0.0,
        "z": -0.022918043224293208,
        "w": 0.999737347154126
      },
      "yaw": -0.045840099863093293
    }
  ],
  "flower_beds": [
    {
      "bed_id": 1,
      "frame_id": "map",
      "start_pose": {
        "frame_id": "map",
        "position": {
          "x": -0.630918025970459,
          "y": -2.564819097518921,
          "z": 0.0
        },
        "orientation": {
          "x": 0.0,
          "y": 0.0,
          "z": 0.6835031577504288,
          "w": 0.7299475552018737
        },
        "yaw": 1.505102217446789
      },
      "start_position": {
        "x": -0.630918025970459,
        "y": -2.564819097518921,
        "z": 0.0
      },
      "orientation": {
        "x": 0.0,
        "y": 0.0,
        "z": 0.6835031577504288,
        "w": 0.7299475552018737
      },
      "yaw": 1.505102217446789
    },
    {
      "bed_id": 2,
      "frame_id": "map",
      "start_pose": {
        "frame_id": "map",
        "position": {
          "x": 0.28345590829849243,
          "y": -1.7784576416015625,
          "z": 0.0
        },
        "orientation": {
          "x": 0.0,
          "y": 0.0,
          "z": 0.9967579233504992,
          "w": 0.08045894753226955
        },
        "yaw": 2.9805006299723806
      },
      "start_position": {
        "x": 0.28345590829849243,
        "y": -1.7784576416015625,
        "z": 0.0
      },
      "orientation": {
        "x": 0.0,
        "y": 0.0,
        "z": 0.9967579233504992,
        "w": 0.08045894753226955
      },
      "yaw": 2.9805006299723806
    },
    {
      "bed_id": 3,
      "frame_id": "map",
      "start_pose": {
        "frame_id": "map",
        "position": {
          "x": 0.40232446789741516,
          "y": -0.9418054223060608,
          "z": 0.0
        },
        "orientation": {
          "x": 0.0,
          "y": 0.0,
          "z": 0.9967014463795444,
          "w": 0.08115557149650285
        },
        "yaw": 2.9791028107914044
      },
      "start_position": {
        "x": 0.40232446789741516,
        "y": -0.9418054223060608,
        "z": 0.0
      },
      "orientation": {
        "x": 0.0,
        "y": 0.0,
        "z": 0.9967014463795444,
        "w": 0.08115557149650285
      },
      "yaw": 2.9791028107914044
    },
    {
      "bed_id": 4,
      "frame_id": "map",
      "start_pose": {
        "frame_id": "map",
        "position": {
          "x": -0.41146835684776306,
          "y": -0.8503677845001221,
          "z": 0.0
        },
        "orientation": {
          "x": 0.0,
          "y": 0.0,
          "z": -0.01885853604935525,
          "w": 0.9998221619958597
        },
        "yaw": -0.03771930810071111
      },
      "start_position": {
        "x": -0.41146835684776306,
        "y": -0.8503677845001221,
        "z": 0.0
      },
      "orientation": {
        "x": 0.0,
        "y": 0.0,
        "z": -0.01885853604935525,
        "w": 0.9998221619958597
      },
      "yaw": -0.03771930810071111
    },
    {
      "bed_id": 5,
      "frame_id": "map",
      "start_pose": {
        "frame_id": "map",
        "position": {
          "x": -0.5029059052467346,
          "y": -1.6733044385910034,
          "z": 0.0
        },
        "orientation": {
          "x": 0.0,
          "y": 0.0,
          "z": -0.022918043224293208,
          "w": 0.999737347154126
        },
        "yaw": -0.045840099863093293
      },
      "start_position": {
        "x": -0.5029059052467346,
        "y": -1.6733044385910034,
        "z": 0.0
      },
      "orientation": {
        "x": 0.0,
        "y": 0.0,
        "z": -0.022918043224293208,
        "w": 0.999737347154126
      },
      "yaw": -0.045840099863093293
    }
  ],
  "final_pose": {
    "frame_id": "map",
    "position": {
      "x": -0.5029059052467346,
      "y": -1.6733044385910034,
      "z": 0.0
    },
    "orientation": {
      "x": 0.0,
      "y": 0.0,
      "z": -0.022918043224293208,
      "w": 0.999737347154126
    },
    "yaw": -0.045840099863093293
  }
}